coscoeff,sincoeff,highest_deg,epsilon
0.0,0.99999999999999,1,1.0e-14
0.0,0.0,1,1.0e-14
0.0,0.99999999999999,1,1.0e-14
